ID,sequence,objects,coordinates,start_coordinates,strong_k,mid_k,no_k,food_k,containment,span,error
a1,pqcgku,"p,q,c,g,k,u","p: (0.008034,0.957082,0.6890539999999999);q: (-0.185,0.928,0.48103500000000005);c: (-0.525007,0.923283,0.438);g: (-0.595001,1.233,0.468999);k: (-0.030993,0.7334229999999999,0.530651);u: (-0.606068,0.743321,0.524829)","[-0.451354,-0.413918,0.156247],[0.513,-0.531,0.74],[0.513,-0.531,0.74],[0.513,-0.531,0.74],[0.513,-0.531,0.74],[0.513,-0.531,0.74]",,,,,,,
