Environment,span x,span y,span z
TUM,3,3,2
E01_01,2,3,2
E01_03,4,5,2
E01_05,2,4,2
E01_09,4,5,2
E10_01,1,2,0
E12_01,2,3,2
E12_06,2,3,3
E21_01,2,3,1
E21_03,2,3,1
E21_04,2,4,2
E22_12,1,2,1
E22_16,1,3,3
E24_02,1,3,3
E24_04,1,3,0
E24_05,1,3,3
E26_11,1,3,3
VR,2,2,1
,,,
avg,1.88888888888889,3.16666666666667,1.83333333333333
stdev,0.963381842865745,0.857492925712544,0.985184366143778
median,2,3,2
